Feature,RF Importance,Mutual Information,Normal Mean,Suspicious Mean,Normal Median,Suspicious Median,Normal Std,Suspicious Std,Mean Difference,Absolute Mean Difference,Standardized Difference,RF Rank,MI Rank,Difference Rank,Standardized Rank,Average Rank
Transaction_Hour,0.09592240116927901,0.004273375805393886,11.58254585881045,11.971393034825871,12.0,13.0,6.940409191412875,6.780525005645254,0.38884717601542107,0.38884717601542107,0.056675554857606066,5.0,3.0,5.0,5.0,4.5
Spending_Deviation_Amount,0.040810181318458066,0.001778506585766948,983.2697317954418,1077.1192164179104,0.0,0.0,2343.329660154713,2461.325439972698,93.8494846224686,93.8494846224686,0.039054289600625104,6.0,9.0,1.0,8.0,6.0
Account Balance,0.1529402921279003,0.0038620676553267064,2991.844669260701,2964.075111940298,2981.505,2959.415,1159.1847334345982,1169.1577403036524,-27.769557320402782,27.769557320402782,-0.023853280088241256,2.0,6.0,3.0,15.0,6.5
Amount,0.15351572155896792,0.0036180082159993354,4977.050749027238,5021.051592039801,5008.3099999999995,5085.305,2866.4529244745636,2807.008267460347,44.000843012562655,44.000843012562655,0.015510259604113952,1.0,8.0,2.0,20.0,7.75
Amount_Percent_of_Balance,0.15023555935884628,0.0,201.660596741937,205.58657399927034,166.16999960909692,173.63927827732368,163.0076514162392,161.6790712886012,3.9259772573333294,3.9259772573333294,0.024182968479433832,3.0,13.0,4.0,13.0,8.25
Location_California,0.013176079489696051,0.004145128086795902,0.24833240689271818,0.22388059701492538,0.0,0.0,0.4320756485515697,0.4171024591646963,-0.0244518098777928,0.0244518098777928,-0.057580404905541,18.0,4.0,9.0,4.0,8.75
Amount_to_Balance_Ratio,0.15011346365603678,0.0,2.01660596741937,2.0558657399927034,1.6616999960909693,1.7363927827732368,1.6300765141623923,1.6167907128860117,0.03925977257333324,0.03925977257333324,0.0241829684794338,4.0,13.0,6.0,14.0,9.25
Unusual_Hour,0.013273664660187954,0.0,0.32962757087270705,0.2997512437810945,0.0,0.0,0.47011056938577706,0.4584341075278997,-0.02987632709161253,0.02987632709161253,-0.06434577878322177,16.0,13.0,8.0,3.0,10.0
Transaction_Weekday_Friday,0.009114196584419478,0.0,0.16620344635908837,0.19776119402985073,0.0,0.0,0.37228902932498215,0.3985590017732167,0.03155774767076236,0.03155774767076236,0.08183049515989205,21.0,13.0,7.0,1.0,10.5
Location_Florida,0.014592809776852999,0.0,0.25138966092273485,0.26865671641791045,0.0,0.0,0.4338422010022808,0.44353688452867024,0.0172670554951756,0.0172670554951756,0.03935813328214639,13.0,13.0,11.0,7.0,11.0
Type_Deposit,0.01576659282898371,0.0006565969868446153,0.34213451917732074,0.35199004975124376,0.0,0.0,0.4744573453852872,0.47788817285419427,0.009855530573923021,0.009855530573923021,0.02069724996468429,9.0,11.0,16.0,16.0,13.0
Transaction_Weekday_Sunday,0.008138341096023766,0.0,0.16717620900500277,0.14925373134328357,0.0,0.0,0.37315904766325964,0.3565602100079369,-0.0179224776617192,0.0179224776617192,-0.04910886629921393,23.0,13.0,10.0,6.0,13.0
Known Threat Flag,0.006883810712117779,0.0,0.05252918287937743,0.03731343283582089,0.0,0.0,0.22310711577785933,0.18964670901509403,-0.01521575004355654,0.01521575004355654,-0.07348689343132152,26.0,13.0,12.0,2.0,13.25
Login Location Match,0.013234067952858138,0.006052670040347152,0.7063646470261257,0.6990049751243781,1.0,1.0,0.45545851614149235,0.458976070834992,-0.007359671901747578,0.007359671901747578,-0.01609654218309452,17.0,2.0,20.0,18.0,14.25
Transaction_Weekday_Wednesday,0.007160790753986838,0.0008152911251739781,0.1632851584213452,0.14925373134328357,0.0,0.0,0.3696513277128941,0.3565602100079369,-0.014031427078061626,0.014031427078061626,-0.03863653245081495,25.0,10.0,13.0,9.0,14.25
Transaction_Weekday_Saturday,0.009250863421080358,0.0,0.16745414118954974,0.1791044776119403,0.0,0.0,0.3734067864882692,0.3836784587138648,0.01165033642239055,0.01165033642239055,0.03077398319804633,20.0,13.0,14.0,10.0,14.25
Spending Pattern Deviation,0.010706179359648611,0.0,0.19983324068927183,0.21144278606965175,0.0,0.0,0.3999026636067947,0.4085858221444834,0.011609545380379921,0.011609545380379921,0.028717479784800822,19.0,13.0,15.0,11.0,14.5
User Device Recognition,0.01806107265026039,0.003836400903426851,0.8025291828793775,0.8059701492537313,1.0,1.0,0.39811822285675125,0.39569813658534386,0.003440966374353871,0.003440966374353871,0.008669386420848394,8.0,7.0,23.0,22.0,15.0
Type_Withdrawal,0.015589487131830917,0.0,0.32601445247359645,0.31840796019900497,0.0,0.0,0.468785204950407,0.46614868657311637,-0.007606492274591481,0.007606492274591481,-0.016271657490845613,11.0,13.0,19.0,17.0,15.0
Transaction_Day,0.026873382454934477,0.0,3.4930516953863258,3.5012437810945274,3.0,3.0,1.6999633150098665,1.6563394786446086,0.008192085708201624,0.008192085708201624,0.004881200729028715,7.0,13.0,18.0,24.0,15.5
Transaction_Weekday_Thursday,0.00888823448252119,0.0,0.17245692051139522,0.16293532338308458,0.0,0.0,0.3778033436263197,0.36953653554740495,-0.009521597128310633,0.009521597128310633,-0.02547974466738232,22.0,13.0,17.0,12.0,16.0
Location_New York,0.015194202604169874,0.0,0.2544469149527515,0.25870646766169153,0.0,0.0,0.435580128641334,0.438196596794807,0.004259552708940018,0.004259552708940018,0.009749707192062033,12.0,13.0,22.0,21.0,17.0
Location_Deviation,0.013541552378167869,0.0,0.2936353529738744,0.3009950248756219,0.0,0.0,0.45545851614149235,0.458976070834992,0.007359671901747522,0.007359671901747522,0.0160965421830944,15.0,13.0,21.0,19.0,17.0
Type_Transfer,0.015612426827113276,0.0,0.3318510283490828,0.32960199004975127,0.0,0.0,0.4709105435221558,0.4703612355957949,-0.0022490382993315405,0.0022490382993315405,-0.004778721653518307,10.0,13.0,25.0,25.0,18.25
Location_Texas,0.014105471637839324,0.0,0.24583101723179543,0.24875621890547264,0.0,0.0,0.4306087502975225,0.4325613083173094,0.0029252016736772135,0.0029252016736772135,0.006777793461177415,14.0,13.0,24.0,23.0,18.5
Transaction_Month,0.0,0.0065397568816032425,1.0,1.0,1.0,1.0,0.0,0.0,0.0,0.0,0.0,27.0,1.0,27.0,27.0,20.5
High_Value_Transaction,0.0,0.004099351655192818,0.0,0.0,0.0,0.0,0.0,0.0,0.0,0.0,0.0,27.0,5.0,27.0,27.0,21.5
Transaction_Weekday_Monday,0.007299154007818721,0.0,0.16342412451361868,0.16169154228855723,0.0,0.0,0.36977788152339663,0.3683967815692677,-0.001732582225061452,0.001732582225061452,-0.00469422557893136,24.0,13.0,26.0,26.0,22.25
Location_Deviation_High_Amount,0.0,0.0003193939647094801,0.0,0.0,0.0,0.0,0.0,0.0,0.0,0.0,0.0,27.0,12.0,27.0,27.0,23.25
Low_Balance,0.0,0.0,0.0,0.0,0.0,0.0,0.0,0.0,0.0,0.0,0.0,27.0,13.0,27.0,27.0,23.5
High_Amount_Unusual_Hour,0.0,0.0,0.0,0.0,0.0,0.0,0.0,0.0,0.0,0.0,0.0,27.0,13.0,27.0,27.0,23.5
